0,50:12,11:32,25:1,9:41,31:7,7:10,14:44,40:31,2:3,19:2,9:24,39:19,5:19,3:7,4:13,15:14,33:28,1:2,38:33,3:3,4:15,45:36,32:22,7:21,0:7,0:0
0,14:10,17:14,32:38,48:5,5:2,0:14,17:49,37:33,31:24,7:19,28:5,10:27,34:20,3:4,23:19,2:10,2:2,16:11,25:34,5:6,7:3,7:10,33:23,29:9,6:7,0:40
0,3:0,0:1,24:16,14:5,19:8,1:25,16:7,27:26,25:33,23:17,5:12,8:12,37:39,33:2,3:27,20:22,16:1,11:17,9:5,31:16,13:20,5:21,17:5,24:16,14:14,0:31
0,22:6,17:29,44:0,0:7,1:35,10:10,3:6,42:20,0:3,17:40,42:28,10:6,17:9,12:13,8:31,27:3,22:24,7:26,5:10,46:5,8:35,23:34,18:2,2:11,14:8,0:16
0,36:19,9:9,14:9,15:2,6:34,34:34,18:16,33:41,1:0,5:3,18:14,22:17,11:8,32:33,2:10,17:15,31:25,0:13,26:13,17:16,1:7,12:6,18:17,21:5,13:41,0:5
0,39:31,36:18,19:12,11:26,3:17,27:9,19:8,7:15,3:0,22:2,0:18,9:28,15:25,30:8,17:16,22:30,14:17,17:0,13:6,13:16,4:18,29:42,15:20,40:7,5:17,0:23
0,45:2,7:37,28:31,27:1,4:39,29:27,27:24,22:18,21:3,2:5,12:26,22:32,40:38,36:35,40:1,3:41,2:0,28:14,8:12,19:25,29:22,2:8,36:43,43:4,6:29,0:21
0,34:14,5:25,23:4,16:0,10:44,46:44,34:17,30:50,21:6,22:31,29:26,22:28,24:15,8:13,32:22,15:24,1:9,21:0,23:10,8:0,8:2,2:33,15:13,1:7,17:24,0:6
0,25:18,22:8,24:33,34:10,1:35,41:27,26:17,18:22,19:32,8:8,40:11,3:19,8:12,8:0,2:2,20:11,8:21,4:3,8:18,35:17,4:13,6:13,27:27,15:5,2:11,0:15
0,24:4,7:10,29:26,2:12,3:12,15:12,40:2,5:28,20:12,5:21,0:11,47:37,21:16,4:17,14:13,6:9,26:22,2:6,45:17,13:1,2:31,2:12,5:0,29:11,23:38,0:9
1,18:6,7:12,15:9,19:28,32:17,21:36,41:18,16:10,14:26,25:3,3:3,1:16,16:44,30:14,29:19,14:33,28:15,5:5,12:5,17:38,33:18,23:25,15:30,15:15,29:6,4:10,25:24,22:34,3:6,29:36,0:0
1,31:31,48:45,9:6,27:14,25:6,0:16,21:2,6:5,4:15,3:34,2:2,45:8,5:33,3:6,8:2,22:30,42:11,6:39,31:1,3:29,43:29,17:8,8:16,7:8,20:4,2:15,18:24,17:27,42:7,3:30,0:15
1,39:34,31:34,9:11,35:5,0:25,14:8,28:14,10:28,17:5,29:5,4:25,23:29,27:35,6:13,30:9,24:0,0:22,12:32,5:7,48:48,34:7,6:30,44:20,13:8,12:23,18:26,7:22,46:43,27:25,26:20,0:11
1,1:0,16:16,44:3,1:10,3:8,19:1,4:7,4:2,3:25,17:0,6:31,28:7,13:12,0:23,4:3,4:10,37:2,2:32,20:17,15:7,15:15,4:8,4:2,10:9,17:6,4:12,13:16,6:8,16:13,3:3,0:25
1,23:8,33:1,2:28,20:9,17:43,38:24,7:18,35:43,25:4,15:14,0:9,5:16,19:20,23:24,15:3,16:24,6:1,32:6,10:8,7:4,2:5,3:1,7:9,0:18,20:10,13:28,18:9,23:6,6:46,22:3,0:20
1,38:7,11:26,9:18,29:11,5:29,41:40,43:31,32:17,1:14,19:9,2:20,25:24,40:16,1:13,25:2,1:41,13:3,14:27,40:13,6:9,23:1,2:7,4:27,12:12,8:8,26:16,0:6,11:17,26:10,16:45,0:4
1,16:10,28:17,14:26,3:3,33:9,20:32,29:1,3:13,1:6,12:16,18:36,27:22,4:8,17:8,14:12,11:17,15:7,17:26,25:25,26:25,3:7,31:32,21:3,5:18,19:1,10:6,0:31,31:3,11:21,9:31,0:1
1,12:4,10:13,45:19,4:22,29:31,15:9,24:4,6:30,17:10,29:42,42:45,30:14,2:5,15:18,34:23,25:2,1:47,40:12,16:13,11:22,27:48,15:8,11:17,17:11,29:13,26:34,6:7,28:40,34:12,7:8,0:24
1,13:1,37:40,40:34,25:27,16:9,18:21,20:9,16:35,34:28,0:2,20:16,22:37,29:2,19:41,38:2,0:8,1:14,1:15,11:8,19:18,23:7,21:35,24:24,33:39,36:36,12:11,5:4,29:5,7:22,14:25,0:8
1,43:26,17:11,27:26,10:24,40:22,21:39,2:1,12:17,32:34,14:17,32:13,27:8,11:16,15:10,11:14,9:39,26:16,30:27,25:0,1:8,4:30,6:11,26:10,26:31,19:16,17:31,30:3,0:5,0:6,16:20,0:18
2,7:7,1:1,20:9,8:0,31:45,21:9,15:4,4:21,27:20,8:10,4:1,22:10,19:49,34:6,20:47,18:16,16:2,9:25,46:16,10:27,2:6,30:25,31:19,0:28
2,43:18,21:10,12:44,7:1,34:16,7:4,8:0,1:38,35:14,20:40,14:17,32:21,24:35,48:18,17:24,8:18,6:10,20:7,27:44,22:10,1:10,37:16,6:11,0:24
2,3:0,9:8,22:22,15:7,22:26,30:12,1:13,29:26,21:34,34:2,12:2,4:39,8:1,8:6,27:14,12:0,1:14,0:23,9:6,32:26,32:32,24:37,12:3,0:14
2,26:21,18:20,5:1,25:14,23:1,8:8,7:0,2:40,17:21,7:6,4:7,22:11,4:11,43:46,19:8,29:21,16:9,10:40,9:6,8:3,4:3,32:27,3:13,0:4
2,49:43,1:6,10:9,6:4,20:5,10:21,22:16,1:8,30:23,30:10,11:23,23:21,7:16,0:10,42:0,2:46,34:0,6:4,1:11,15:34,32:24,20:23,4:7,0:12
2,41:32,29:27,23:0,0:22,10:12,13:20,43:28,8:18,17:10,2:0,13:3,18:22,13:1,9:17,4:17,24:3,2:5,18:17,10:12,12:17,7:9,21:28,3:18,0:2
2,15:8,32:12,8:8,11:5,11:41,29:29,3:2,8:1,25:24,12:13,21:6,16:18,8:25,15:0,11:20,35:16,18:38,1:3,29:10,4:26,22:5,26:42,5:9,0:4
2,22:10,35:38,5:11,11:13,37:32,24:11,2:7,8:1,12:21,34:34,28:8,13:36,25:5,10:29,38:46,48:47,20:18,25:5,3:5,18:11,10:18,6:11,20:10,0:27
2,35:6,8:8,7:24,34:33,16:25,14:10,21:10,1:3,22:21,21:5,5:31,34:18,12:24,0:8,3:5,13:6,14:5,3:10,30:21,3:13,4:10,23:5,18:31,0:9
2,40:25,11:0,3:20,17:25,38:8,16:46,24:21,40:26,5:18,5:9,6:3,14:9,26:25,16:6,14:15,20:30,39:28,23:7,8:20,19:40,40:6,13:17,7:0,0:40
3,46:36,31:22,30:19,6:30,24:17,20:33,7:3,13:7,14:18,1:0,16:2,21:1,9:27,7:1,1:17,5:1,18:20,22:18,9:26,45:15,12:13,0:28,4:1,4:3,28:3,3:20,0:15
3,41:16,5:21,28:18,7:6,0:12,40:5,0:13,11:15,3:7,21:12,16:44,34:12,18:21,20:22,23:42,6:4,14:17,0:0,9:1,26:21,33:12,3:36,40:19,11:14,31:45,34:21,0:18
3,9:2,18:19,0:3,7:3,8:3,15:6,8:12,20:31,20:1,18:19,15:38,45:16,1:31,40:18,14:3,11:27,23:12,1:5,10:4,6:12,12:35,13:3,1:8,21:10,27:32,38:27,0:21
3,37:20,26:3,7:36,22:25,9:16,30:19,25:23,5:6,20:20,14:6,17:4,7:2,4:19,22:5,7:32,20:21,19:19,10:10,0:11,21:12,7:9,27:34,15:19,50:7,2:19,16:39,0:3
3,30:25,1:5,19:18,10:9,40:16,10:15,18:30,3:10,20:10,4:17,28:13,34:28,5:1,8:16,15:6,16:37,4:0,15:14,18:5,7:2,16:2,8:43,2:0,18:11,14:14,14:8,0:22
3,35:30,33:15,24:18,16:43,42:29,15:18,0:7,29:11,25:46,6:6,10:9,13:16,0:0,13:4,8:12,28:27,31:32,10:7,38:4,8:46,31:27,14:1,18:27,26:31,23:12,24:24,0:18
3,4:0,0:1,45:7,7:8,3:13,17:21,1:12,0:13,21:17,16:16,24:29,18:13,35:39,39:16,7:18,12:12,2:16,50:11,10:48,22:0,18:32,20:21,21:1,9:34,17:3,16:2,0:31
3,28:14,17:18,7:14,43:16,1:25,39:29,13:10,2:7,23:24,28:26,31:24,25:15,0:21,11:12,17:27,20:5,18:28,8:0,0:8,35:13,12:22,26:26,25:39,6:3,22:24,15:18,0:4
3,49:42,15:17,20:22,44:22,1:17,12:0,16:31,40:22,16:7,14:43,12:16,24:12,24:26,31:21,18:3,1:24,9:18,15:15,16:1,1:19,31:10,18:17,14:4,7:21,0:0,13:18,0:13
3,9:5,36:4,2:11,12:29,26:16,30:38,25:36,38:14,25:21,3:14,22:17,13:34,4:0,22:0,10:29,18:27,46:19,11:29,2:2,36:14,18:30,17:6,6:34,27:27,43:37,40:45,0:3
4,5:2,45:43,28:22,22:28,6:9,24:15,35:30,0:8,9:14,35:33,0:5
4,37:8,5:27,30:34,24:9,4:22,27:9,0:17,41:25,30:34,13:8,0:18
4,22:13,20:27,22:11,19:9,16:9,2:4,8:2,9:12,13:26,16:32,0:2
4,42:36,12:9,12:12,1:1,29:2,13:44,27:27,23:10,20:0,6:18,0:26
4,40:3,11:25,2:5,19:24,26:8,6:11,21:20,3:16,22:16,17:14,0:25
4,8:4,20:19,3:7,31:14,11:24,4:6,29:7,24:2,3:0,0:0,0:50
4,19:14,9:4,38:48,31:10,6:3,10:32,24:26,11:4,2:7,23:25,0:0
4,20:6,23:29,5:0,4:13,16:17,46:8,0:11,4:21,33:32,13:23,0:4
4,20:14,16:3,14:17,27:23,14:20,6:8,11:8,31:3,4:30,30:5,0:42
4,47:25,14:32,24:3,13:0,1:22,0:14,17:0,24:32,8:20,22:3,0:19
5,44:40,2:5,43:38,32:2,1:15,26:41,9:3,4:2,34:31,15:15,31:4,2:41,0:6
5,26:21,27:6,6:24,23:6,3:14,14:6,19:25,8:0,3:1,17:15,16:44,16:7,0:9
5,26:11,18:29,28:5,15:33,20:28,25:22,46:32,23:18,26:31,15:33,33:0,11:38,0:6
5,5:2,24:23,22:2,22:17,13:7,3:18,24:9,5:14,3:16,10:10,19:17,3:8,0:10
5,21:5,29:6,6:44,48:31,15:10,2:2,22:38,36:31,20:20,26:22,6:5,16:28,0:5
5,40:21,12:18,2:1,25:28,12:3,15:31,25:1,1:18,20:7,18:30,5:9,34:37,0:5
5,35:16,1:4,20:32,27:21,2:1,27:23,10:13,11:20,4:3,40:19,12:14,16:16,0:23
5,12:4,34:3,9:15,13:34,15:26,12:10,7:1,2:10,12:7,25:17,20:2,6:28,0:10
5,31:18,29:31,23:17,2:13,36:34,30:26,11:12,20:8,5:19,4:2,34:1,4:30,0:18
5,40:10,15:12,5:23,5:12,36:18,12:9,3:2,16:22,1:10,30:16,17:20,5:8,0:23
6,48:42,9:10,21:8,3:10,15:8,17:27,2:7,43:20,3:0,6:12,3:11,22:21,26:11,12:2,9:8,2:33,23:8,3:27,38:21,1:12,31:0,9:38,20:21,31:36,19:3,21:33,37:41,0:4
6,10:5,16:1,2:4,10:21,16:3,16:17,6:22,23:9,27:8,5:32,11:2,11:22,24:27,3:5,34:6,1:13,7:10,13:28,43:1,4:32,13:6,15:17,17:6,13:33,21:31,31:15,6:19,0:3
6,47:3,0:9,6:35,35:31,6:4,4:2,14:22,37:3,5:13,3:32,15:6,22:7,2:17,9:16,26:3,18:20,7:20,10:3,18:30,2:3,4:3,24:27,42:25,13:11,2:19,10:1,7:20,0:3
6,40:40,7:2,38:14,11:24,28:3,3:24,1:6,10:8,30:30,10:11,2:9,18:2,11:19,12:26,34:36,44:4,2:34,0:8,18:8,38:37,0:7,43:36,6:8,9:19,35:24,35:31,1:0,0:16
6,9:9,29:17,14:24,4:4,3:3,37:18,28:11,11:11,4:34,3:5,7:5,18:10,31:42,28:21,22:10,15:3,4:2,3:38,17:8,1:11,19:5,22:29,22:7,14:22,2:15,11:13,28:7,0:22
6,22:16,29:20,33:44,19:10,30:16,21:43,42:6,3:37,0:1,12:8,7:2,13:22,17:2,25:0,1:36,10:8,27:36,34:35,35:23,24:24,29:25,14:23,22:19,29:33,4:10,25:18,5:5,0:10
6,3:1,19:19,14:2,4:16,22:17,21:2,22:16,9:7,4:29,33:0,7:23,21:27,18:19,1:15,28:25,9:10,27:22,31:2,7:6,8:35,35:2,1:2,2:14,9:29,0:3,22:13,28:6,0:43
6,7:5,34:28,25:9,13:14,21:3,6:14,13:8,2:29,7:12,43:40,5:2,7:10,6:2,31:41,2:5,33:12,20:9,0:26,22:9,24:43,25:10,24:25,21:22,5:2,15:6,22:22,21:36,0:10
6,47:42,15:13,28:25,11:0,26:16,9:11,21:50,12:5,33:27,28:38,2:0,13:17,19:16,7:1,22:31,37:30,6:4,4:8,2:8,39:27,0:10,27:14,10:1,20:0,5:35,9:0,1:24,0:0
6,24:12,37:13,8:9,10:42,29:10,3:19,25:9,28:31,22:40,32:16,24:0,2:1,2:0,6:23,4:31,38:35,5:3,25:8,0:5,5:6,3:13,8:2,8:15,22:23,9:8,44:32,0:5,0:12
7,24:4,25:23,21:10,1:10,8:30,11:5,2:9,11:8,19:5,30:23,10:4,8:3,0:16,24:10,5:12,15:39,19:18,32:7,12:30,34:13,3:21,30:41,35:11,10:24,28:24,6:9,3:16,18:19,0:0
7,17:13,46:33,10:15,33:19,4:28,41:23,3:11,37:21,22:5,0:13,11:27,19:27,23:14,33:37,4:1,12:3,12:33,9:3,3:2,5:1,28:20,13:21,2:5,11:0,20:16,15:29,37:4,0:4,0:42
7,36:12,21:13,16:23,19:35,41:21,9:38,15:5,25:34,27:0,20:3,2:42,12:14,21:9,10:23,44:43,3:4,44:3,2:43,28:28,32:3,2:18,1:9,23:1,10:24,2:1,1:0,29:44,26:16,0:12
7,23:14,36:19,20:19,16:4,9:42,16:3,25:10,2:24,1:12,22:22,33:5,7:5,4:12,17:35,45:49,11:5,14:16,43:26,7:24,39:6,0:37,12:2,30:28,5:6,35:14,17:41,8:3,0:12,0:2
7,2:1,8:3,15:10,18:29,13:6,8:13,44:12,12:3,5:26,1:9,13:23,35:12,11:10,15:12,16:42,44:32,29:31,19:32,40:9,14:41,14:15,19:20,3:6,17:8,3:11,36:4,3:22,18:11,0:22
7,21:4,8:8,8:25,42:24,14:10,19:3,6:6,10:39,13:13,5:1,20:25,11:11,13:21,47:38,17:23,3:0,38:1,6:23,11:13,10:7,3:26,32:1,15:44,29:33,26:11,27:1,2:26,11:30,0:0
7,21:20,32:21,32:28,8:10,16:25,38:26,25:7,12:16,12:32,20:30,26:18,40:42,22:2,11:35,28:17,35:20,17:2,4:18,16:6,9:43,9:5,5:12,11:7,2:1,11:16,14:15,7:1,27:34,0:1
7,14:10,24:12,32:24,20:31,26:7,7:3,4:11,5:28,15:0,3:18,28:15,27:26,25:44,11:12,37:0,10:16,17:32,19:30,9:14,30:1,20:47,41:11,2:11,8:22,1:6,9:3,33:5,12:0,0:50
7,50:31,9:28,29:7,12:17,28:39,22:16,22:15,9:4,18:28,18:21,30:2,1:24,28:20,13:30,12:18,31:22,25:6,1:6,3:16,8:4,27:31,2:13,14:14,11:5,16:14,4:1,22:7,17:16,0:27
7,41:22,13:18,35:41,22:28,40:17,8:3,18:20,13:2,7:11,12:2,4:23,17:20,23:34,23:0,8:1,3:17,9:34,44:45,28:17,22:9,23:21,4:26,4:5,35:38,29:30,46:5,1:16,22:18,0:31
8,0:0,13:4,40:31,26:43,21:2,26:25,4:19,31:35,33:9,9:24,26:18,29:5,1:4,0:28,22:26,25:26,31:3,0:28,0:7
8,38:35,23:20,36:32,27:37,15:14,49:35,21:35,13:3,15:2,0:23,2:2,29:12,4:13,12:5,30:15,2:2,5:32,23:27,0:0
8,12:8,35:39,43:32,13:18,37:37,37:7,12:8,4:18,9:5,0:18,25:30,17:12,9:11,3:9,23:26,0:1,30:12,29:23,0:24
8,2:2,0:0,29:24,45:32,24:21,29:24,9:23,8:5,31:15,13:8,2:2,6:30,20:19,28:39,21:13,14:11,21:8,17:3,0:40
8,11:3,40:18,19:15,14:19,1:24,26:30,35:28,26:16,18:9,22:19,4:17,6:19,13:6,12:2,17:23,29:40,41:46,0:0,0:0
8,43:14,15:40,34:30,20:5,7:3,12:0,6:13,3:7,17:14,1:20,0:11,44:0,1:25,0:9,29:22,1:10,21:30,20:11,0:10
8,46:5,7:23,19:18,18:2,7:11,8:6,2:22,9:6,19:21,5:5,14:18,7:2,25:1,1:28,9:1,17:31,13:13,29:10,0:32
8,2:2,2:1,22:5,4:19,13:5,0:4,17:7,25:3,0:16,15:7,1:8,7:25,40:16,0:13,26:3,7:39,32:30,37:15,0:32
8,33:7,8:19,32:40,27:7,23:39,31:34,19:5,10:25,0:1,24:12,17:16,11:16,8:0,13:4,2:28,14:14,8:2,26:19,0:18
8,3:0,23:13,2:4,23:30,23:20,17:1,6:2,7:20,35:35,22:16,0:0,7:4,2:8,26:28,3:0,15:5,1:13,22:3,0:35
9,19:2,24:13,0:12,24:29,28:27,31:9,13:16,11:34,31:33,38:20,3:2,9:4,19:37,28:32,8:3,32:39,17:9,22:6,6:26,30:19,25:23,0:23
9,37:19,29:23,20:21,7:4,9:8,23:50,33:25,21:23,17:14,34:3,8:8,1:41,32:15,2:18,40:32,17:20,16:3,23:18,19:42,31:4,5:8,0:25
9,27:19,14:13,1:0,38:40,25:13,24:12,11:14,16:20,20:23,3:2,7:25,31:13,8:0,4:10,12:25,33:37,31:26,25:37,26:14,37:15,2:18,0:19
9,20:6,7:20,31:11,27:6,8:45,37:16,8:25,15:4,7:1,8:30,39:5,10:44,31:18,2:11,33:18,17:35,12:17,23:0,11:7,8:30,37:17,0:25
9,10:10,30:16,17:14,23:28,17:0,1:19,16:1,22:20,22:44,36:31,20:4,15:33,0:7,9:4,16:22,25:23,2:0,25:12,14:31,28:29,31:20,0:11
9,10:4,22:24,40:28,0:9,14:4,7:12,3:15,26:0,11:2,8:37,43:34,5:8,33:40,24:22,5:1,29:31,33:13,19:39,36:38,8:12,17:16,0:4
9,33:6,21:34,7:9,12:16,42:38,25:20,25:33,7:15,31:8,26:32,17:27,39:40,24:4,16:35,38:7,3:25,7:7,29:21,6:14,0:15,7:4,0:5
9,3:2,35:35,24:21,2:1,30:28,33:30,5:1,6:8,31:43,28:15,17:27,35:35,33:17,21:19,8:0,0:13,2:3,34:36,21:2,3:33,31:7,0:26
9,23:8,34:25,3:9,24:13,15:4,4:30,31:31,15:26,9:11,33:24,21:15,13:22,30:29,32:34,37:1,2:3,8:25,3:24,35:14,26:31,2:15,0:6
9,35:6,4:6,6:26,36:24,24:10,5:17,4:25,48:13,10:18,0:9,29:5,7:22,11:4,16:41,38:29,25:4,7:44,40:42,15:1,34:3,0:22,0:23
10,27:14,27:38,10:4,40:8,3:34,18:17,26:28,17:5,10:10,1:13,40:20,1:18,0:11
10,26:20,24:21,25:5,19:21,15:25,31:30,19:5,13:18,22:34,19:2,5:17,2:7,0:15
10,42:21,2:1,28:13,7:37,11:9,38:22,13:35,9:5,23:26,42:24,11:15,29:26,0:21
10,12:12,15:11,29:31,15:7,6:8,26:24,4:4,8:11,13:3,15:6,0:1,3:16,0:12
10,40:5,2:1,5:5,8:35,14:9,18:27,15:20,12:10,28:7,21:25,21:39,26:9,0:18
10,6:4,44:14,18:30,8:13,35:10,10:13,0:5,17:38,29:20,8:25,12:12,1:0,0:4
10,36:33,32:16,22:8,2:35,11:5,4:10,32:8,26:23,7:18,3:1,13:16,5:3,0:17
10,26:10,5:10,19:4,9:1,16:38,17:24,22:19,15:5,3:7,24:15,16:18,28:24,0:25
10,3:3,30:21,0:3,26:16,3:8,25:23,21:31,31:2,10:41,29:8,0:9,32:18,0:27
10,18:12,26:31,16:6,4:8,8:14,10:2,37:23,24:4,4:32,5:17,25:2,17:10,0:33
11,35:13,25:33,1:1,4:7,35:0,3:29,27:15,12:7,4:40,27:8,9:24,45:49,48:2,0:11,7:27,18:29,37:39,32:31,1:1,29:30,0:3
11,34:27,41:16,11:5,8:28,14:10,25:43,23:10,10:5,22:38,10:10,34:28,38:30,7:0,18:29,13:3,19:1,6:46,10:9,29:17,31:40,0:8
11,38:2,10:1,3:2,4:48,2:0,35:31,24:15,2:17,44:12,11:21,7:13,23:36,23:11,1:7,12:11,4:12,19:2,3:8,20:36,50:26,0:24
11,15:0,23:37,24:0,19:26,12:21,24:15,14:31,38:38,35:1,4:13,4:5,25:20,8:2,1:30,2:4,28:6,5:23,6:8,8:10,35:18,0:22
11,13:7,33:20,0:16,21:1,26:15,16:48,36:35,13:0,16:12,23:0,7:18,7:25,33:10,9:36,24:27,5:7,40:17,3:30,38:1,12:23,0:27
11,34:18,20:25,33:20,20:6,12:22,2:27,19:18,1:2,36:25,27:14,9:21,14:14,5:4,1:3,22:32,37:6,4:14,21:25,2:8,34:15,0:34
11,17:17,10:5,0:1,1:0,9:3,31:12,5:17,13:31,6:1,41:40,38:17,21:11,5:16,5:26,45:12,4:22,13:22,33:31,31:34,17:18,0:9
11,8:5,43:27,10:12,14:4,1:11,1:3,10:16,32:25,24:12,19:34,32:38,21:22,20:10,8:15,2:8,24:2,3:17,1:2,6:16,13:10,0:3
11,36:34,46:43,2:4,14:4,34:12,11:9,0:9,16:8,9:3,3:43,17:9,30:6,4:21,25:27,26:20,16:1,1:28,28:18,11:22,22:15,0:15
11,31:1,6:2,4:30,2:10,35:7,8:2,5:27,30:29,35:2,2:46,29:22,29:36,31:28,27:15,5:2,24:25,9:13,6:21,3:1,39:5,0:36
12,14:10,18:14,24:8,20:40,41:14,13:36,19:14,13:26,49:12,8:1,2:12,12:25,16:25,34:15,4:25,14:20,38:32,9:19,0:0
12,6:5,44:5,0:35,16:12,4:7,25:3,19:37,15:11,33:38,32:32,26:7,17:33,23:6,13:6,3:38,7:5,30:24,33:37,0:5
12,1:0,25:23,31:2,17:26,26:32,2:9,27:26,26:4,2:10,12:0,2:13,18:2,6:20,3:11,24:10,5:24,32:5,4:6,0:40
12,9:9,39:34,42:8,6:8,9:25,1:6,7:5,1:11,13:14,24:18,29:6,3:32,13:17,15:8,35:2,6:34,14:6,14:1,0:36
12,2:2,22:6,15:1,18:14,7:30,17:23,27:24,9:8,12:13,32:39,39:14,1:3,17:0,1:29,6:12,24:16,11:3,17:20,0:20
12,15:2,9:2,9:27,40:8,15:23,18:8,14:30,10:16,1:8,37:42,34:18,17:4,10:12,14:8,0:16,14:8,17:14,15:24,0:19
12,23:13,36:14,14:2,5:24,17:12,19:3,4:38,14:3,15:15,27:10,8:6,7:9,9:23,20:19,19:23,24:19,18:2,2:9,0:37
12,13:2,23:18,13:9,20:19,25:15,7:5,0:32,9:4,44:13,11:17,1:18,7:5,21:5,15:46,10:10,47:36,23:24,23:31,0:3
12,11:1,26:15,19:17,12:17,31:20,2:3,22:47,33:11,15:36,41:39,43:35,34:25,8:19,22:16,29:39,17:24,19:5,24:19,0:20
12,24:16,32:14,10:9,16:6,3:29,5:12,37:3,5:20,8:11,28:26,25:41,10:15,9:1,35:23,16:9,19:47,13:10,27:7,0:23
13,42:3,5:10,10:15,16:39,25:28,45:2,2:42,38:9,12:8,9:46,29:3,0:2,24:31,17:24,13:16,13:4,15:8,11:26,20:10,27:6,5:23,3:0,16:13,0:29
13,14:6,42:25,4:0,5:26,6:4,10:3,27:27,13:20,3:4,3:10,21:10,13:2,17:28,34:11,2:6,18:22,21:4,0:12,10:20,3:24,30:4,17:28,24:34,0:7
13,1:1,17:1,4:13,16:0,24:0,3:40,36:7,4:20,17:27,9:12,30:18,3:19,34:27,13:23,6:3,28:30,16:20,32:2,18:27,19:18,26:19,14:0,5:29,0:19
13,13:11,30:12,13:29,43:29,27:31,29:28,25:38,46:12,4:26,32:28,5:20,22:10,4:6,23:14,24:31,19:6,1:11,25:25,8:6,9:26,32:23,10:4,9:24,0:3
13,28:22,15:17,44:28,1:9,12:6,10:20,33:14,20:22,2:16,32:30,20:30,47:37,12:16,39:2,2:17,10:21,27:19,21:12,10:32,12:8,16:21,16:28,33:24,0:11
13,48:7,6:4,1:20,0:21,13:16,36:16,5:2,15:6,12:13,12:29,32:10,12:40,12:8,3:6,6:5,10:2,31:19,7:30,23:9,27:21,5:16,22:29,21:26,0:4
13,31:9,0:4,19:16,22:32,24:12,25:24,12:1,14:3,3:35,1:2,29:21,4:18,10:0,1:4,14:7,28:42,19:14,13:23,12:13,10:7,20:17,43:47,47:22,0:28
13,15:11,44:6,7:5,2:6,3:17,3:21,12:18,9:8,42:2,3:7,4:10,15:48,27:25,46:26,16:1,8:8,7:32,27:1,9:1,3:31,11:26,34:4,17:29,0:21
13,0:0,34:25,16:17,2:5,38:37,20:2,24:40,42:14,2:25,10:16,17:11,10:6,1:4,12:18,18:19,1:1,28:22,32:38,37:25,4:19,9:6,5:2,37:29,0:18
13,9:5,37:26,33:1,3:37,5:3,15:10,29:15,2:33,6:6,38:32,37:10,10:10,8:0,6:23,18:39,24:1,7:33,21:17,36:29,34:33,26:16,14:27,25:10,0:27
14,2:1,14:11,32:2,9:7,6:13,9:2,0:30,13:1,0:1,29:23,22:0,4:9,4:36,9:14,9:3,0:9
14,33:10,7:27,30:7,2:21,27:6,17:28,13:25,21:9,29:32,15:0,19:22,19:21,23:6,2:9,9:33,0:10
14,18:17,32:8,17:41,32:11,4:1,17:24,2:20,16:4,7:6,16:16,22:0,13:23,9:24,14:4,0:2,0:18
14,33:29,11:6,30:17,27:9,2:12,9:13,4:26,39:7,6:12,18:5,3:26,17:34,28:26,22:5,26:45,0:3
14,34:9,1:26,36:33,0:1,39:5,1:35,44:10,1:26,36:15,18:16,10:37,18:8,5:12,40:12,3:4,0:37
14,39:21,11:2,4:27,3:7,33:0,9:20,10:19,6:15,3:2,35:21,20:8,6:4,11:24,25:3,5:45,0:2
14,35:30,1:1,5:0,4:13,11:10,48:9,2:25,22:33,37:37,16:2,19:37,45:22,9:30,37:36,23:5,0:24
14,49:16,1:30,28:24,18:24,46:32,1:16,30:27,15:3,3:17,42:7,10:0,2:29,8:27,7:1,6:10,0:3
14,15:15,48:48,44:44,27:14,35:7,3:25,29:18,6:31,3:7,9:3,6:9,8:7,40:14,5:5,6:20,0:17
14,29:11,0:6,11:12,13:20,12:0,4:12,22:26,19:5,25:10,1:34,25:25,12:4,14:22,27:0,22:11,0:38
15,39:16,6:17,37:14,11:25,9:14,28:3,2:40,44:31,10:24,19:12,1:5,30:35,5:4,37:14,7:18,2:0,27:11,9:15,25:46,2:4,19:6,7:4,3:20,13:5,8:16,37:31,28:13,6:13,4:2,7:9,0:15
15,15:12,18:16,30:12,23:22,26:8,8:11,8:1,4:7,1:18,16:39,12:11,7:11,4:1,15:6,1:2,22:6,4:19,38:23,22:6,7:0,0:14,1:10,12:11,3:24,35:4,11:1,0:26,10:7,22:23,6:11,0:19
15,32:29,13:7,14:5,17:31,28:24,6:1,26:39,48:43,41:31,24:29,32:18,19:12,17:27,1:15,13:6,30:36,27:28,15:17,20:0,2:22,40:9,7:29,34:18,2:19,7:0,8:6,1:21,8:2,6:7,35:39,0:3
15,50:40,22:17,10:19,18:9,20:20,13:22,10:0,17:28,35:18,11:32,12:10,17:9,4:5,5:13,7:5,1:4,20:8,1:4,33:11,6:12,7:17,12:8,24:31,35:41,28:9,22:32,19:4,13:34,40:28,25:29,0:18
15,44:18,24:7,6:34,6:20,23:7,23:39,42:3,6:4,3:41,42:45,29:20,19:5,13:18,30:20,20:27,15:7,13:41,48:29,20:17,9:11,19:24,0:1,28:40,11:8,6:6,19:26,29:10,28:25,11:6,9:13,0:23
15,33:27,0:4,17:11,1:5,23:6,13:17,5:2,30:36,23:26,5:11,25:30,41:11,9:23,23:0,9:9,8:40,19:16,2:7,6:0,30:1,7:32,27:22,9:18,10:11,15:19,9:14,39:10,10:6,14:40,6:7,0:7
15,25:4,8:15,2:4,21:27,16:19,43:8,6:19,21:25,14:17,32:2,1:29,29:9,3:1,1:33,21:12,24:40,1:2,42:30,1:3,2:14,37:18,29:11,13:6,5:45,25:14,25:13,1:12,29:26,25:15,21:4,0:46
15,50:27,10:3,11:26,23:5,15:1,2:2,2:39,6:2,20:5,18:20,3:23,23:2,7:18,5:12,39:0,1:1,0:25,1:6,22:39,38:29,24:33,28:0,0:15,35:36,17:31,19:1,32:32,19:27,3:13,21:4,0:17
15,48:8,0:16,25:48,27:19,22:14,15:2,8:11,9:11,18:42,49:49,1:2,36:13,16:21,14:5,11:32,4:5,37:10,7:2,13:18,8:37,25:27,6:1,12:11,35:21,0:21,36:36,17:12,21:21,9:4,34:24,0:20
15,17:13,43:32,20:8,8:13,20:13,15:44,26:24,35:14,18:26,25:3,3:25,16:16,11:6,16:5,17:44,38:26,31:0,2:20,5:11,13:21,28:25,11:26,11:5,27:5,4:0,10:38,20:27,18:17,29:16,6:20,0:0
16,22:21,42:35,28:18,32:37,7:2,21:16,14:15,28:41,1:7,0:2,45:10,4:21,25:34,27:37,35:32,0:3
16,19:6,3:0,8:0,20:10,11:15,11:2,8:23,17:16,16:11,2:11,27:45,1:4,21:2,19:14,21:35,0:10
16,8:2,14:7,25:34,29:21,19:13,23:35,41:36,11:19,38:25,6:16,28:15,3:16,40:20,11:11,4:1,0:29
16,28:24,6:0,9:10,0:6,8:11,0:0,37:8,10:34,10:2,36:5,6:26,22:42,10:13,9:5,33:21,0:17
16,10:8,5:1,26:28,44:36,22:9,25:40,37:29,5:5,0:10,3:6,23:17,11:6,9:3,23:0,2:1,0:46
16,47:45,26:9,1:6,24:0,3:24,3:10,39:27,2:9,0:11,20:18,13:15,41:27,17:16,24:41,1:3,0:0
16,5:2,38:1,6:4,5:15,13:41,6:1,9:1,26:5,9:12,2:28,33:27,28:13,17:47,24:17,16:19,0:4
16,40:17,13:30,3:5,9:12,33:34,23:19,4:7,13:1,26:13,0:0,16:29,33:19,11:13,2:8,12:25,0:6
16,39:24,16:31,40:32,25:5,3:29,35:37,18:1,18:12,0:0,23:26,30:31,8:27,8:3,9:5,22:27,0:4
16,37:30,16:23,6:5,18:14,43:13,10:14,19:29,9:24,28:7,12:12,13:15,25:29,4:22,19:18,33:0,0:37
17,25:15,17:3,26:12,10:38,15:10,35:50,49:48,38:17,17:37,23:23,48:10,3:4,8:28,12:27,29:22,29:38,47:12,3:13,16:17,11:7,5:27,19:3,0:23,28:20,0:9
17,37:17,6:1,15:8,10:16,4:1,10:1,12:22,12:34,31:9,7:0,14:46,45:21,1:27,30:11,15:12,1:21,26:11,22:34,16:12,23:10,22:17,15:27,21:36,48:35,0:14
17,15:10,32:23,9:15,1:6,28:23,18:26,45:4,9:36,15:26,46:43,25:9,2:1,12:3,7:7,10:14,13:21,24:28,20:16,25:42,5:2,6:5,32:21,16:10,2:15,0:11
17,49:24,3:4,14:38,21:13,27:21,16:17,18:6,23:11,6:8,14:7,5:30,12:3,9:9,10:10,13:14,11:2,15:47,30:12,13:26,37:2,8:6,0:13,17:6,4:22,0:24
17,9:5,37:7,9:42,5:1,39:2,4:23,14:7,16:43,13:4,23:20,32:36,6:8,18:5,6:16,25:33,26:28,23:15,2:11,18:6,19:32,47:43,1:3,31:10,25:9,0:39
17,43:19,0:19,19:1,24:44,28:7,10:10,21:31,23:1,14:19,5:34,29:10,16:24,4:14,1:4,27:0,3:14,28:15,21:37,16:3,16:36,44:7,1:23,10:4,20:18,0:29
17,26:17,14:5,11:4,0:19,33:25,33:13,10:2,0:2,1:35,37:32,0:11,39:36,17:2,28:31,2:5,5:8,36:21,7:20,1:8,10:13,9:9,2:1,48:1,0:48,0:1
17,4:3,49:17,9:40,28:4,1:3,4:24,35:21,29:15,15:34,0:13,4:4,38:3,4:38,30:11,8:1,21:26,15:12,23:23,22:12,1:16,8:3,3:15,12:19,37:9,0:34
17,18:18,6:3,7:1,29:5,13:31,17:14,22:18,24:45,36:1,2:2,11:13,2:25,36:22,20:23,2:12,0:8,25:7,14:13,17:3,2:32,26:8,21:13,12:13,2:33,0:1
17,42:26,22:11,2:25,19:12,6:2,29:27,16:11,3:19,32:27,18:1,9:8,0:5,26:44,2:7,28:19,34:3,1:22,1:7,12:1,25:45,25:20,39:35,30:42,32:29,0:5
18,6:6,7:6,11:3,29:21,11:27,10:11,7:4,0:3,4:1,38:12,18:30,7:6,4:19,26:14,9:17,30:4,0:7,3:23,21:15,10:8,0:14
18,42:25,32:7,0:18,17:8,2:25,2:8,16:3,15:18,13:3,1:19,29:24,18:16,37:34,5:17,28:2,20:33,8:8,9:10,17:25,16:7,0:17
18,9:0,40:17,0:7,1:3,13:19,14:0,10:27,7:12,33:41,36:7,3:14,8:18,39:21,1:5,2:19,44:29,4:22,22:8,17:29,24:27,0:2
18,9:2,43:0,0:33,27:28,23:18,21:12,10:25,19:15,23:37,15:2,22:39,25:26,35:9,4:4,2:19,20:29,10:1,15:8,6:8,35:7,0:42
18,30:16,5:6,28:25,10:25,42:20,19:28,24:4,9:13,14:12,18:50,28:22,40:9,12:2,1:9,4:34,13:12,24:8,13:32,29:20,24:7,0:33
18,9:8,32:29,4:4,2:1,33:29,31:37,18:11,7:9,19:5,26:12,3:1,6:19,21:21,21:12,9:24,23:27,16:22,36:20,6:17,7:6,0:15
18,43:43,12:0,27:36,31:30,44:41,24:8,5:2,10:24,7:5,0:8,5:7,34:8,11:37,31:1,10:10,8:4,9:11,3:34,23:10,17:27,0:8
18,46:46,0:0,50:23,14:21,4:0,6:13,10:20,7:4,36:15,16:30,9:3,3:12,20:8,14:8,1:25,22:15,12:5,28:24,14:11,15:34,0:10
18,42:7,0:19,25:11,1:15,15:7,10:31,44:17,8:17,17:36,23:2,0:16,18:2,13:30,11:8,12:3,4:3,2:4,27:27,33:39,19:14,0:16
18,1:0,35:7,9:32,3:4,2:2,45:25,15:26,9:23,35:12,13:7,17:9,7:27,28:10,13:35,18:25,30:21,5:8,2:13,45:28,31:17,0:32
19,33:9,8:4,10:0,6:31,20:19,24:38,20:17,4:0,24:6,11:15,15:31,1:4,24:10,32:27,25:4,6:34,0:14
19,15:7,37:12,13:26,23:3,3:33,37:18,3:31,16:1,8:12,21:31,2:1,15:10,13:3,8:25,6:6,9:9,0:1
19,33:10,17:8,10:8,3:7,16:17,4:29,27:14,24:7,15:17,9:8,9:8,15:19,7:35,44:2,2:15,4:20,0:15
19,33:5,4:31,10:7,44:2,1:2,3:26,10:30,28:28,46:3,0:18,22:23,9:21,26:13,5:23,29:38,24:23,0:1
19,0:0,47:41,30:35,45:14,5:36,9:8,17:10,13:15,13:13,36:16,2:1,11:2,6:35,9:4,37:47,44:40,0:7
19,50:47,29:17,20:16,10:27,12:10,26:22,4:11,12:5,39:6,7:7,7:28,5:8,6:1,17:37,14:16,19:12,0:7
19,11:11,3:2,32:11,24:16,15:29,13:17,7:9,40:36,12:3,26:34,6:9,22:13,22:39,32:33,26:13,16:20,0:12
19,39:31,19:17,10:10,19:1,4:28,37:19,14:22,18:8,7:4,18:37,7:9,22:1,17:29,21:12,1:13,29:31,0:10
19,31:10,2:15,25:5,22:17,14:37,30:23,28:27,32:48,40:28,32:12,11:3,1:4,2:12,12:20,8:18,9:3,0:17
19,41:20,8:9,2:17,2:4,23:18,22:29,45:37,38:15,18:23,12:32,0:1,38:13,8:13,24:29,8:4,25:11,0:39
20,3:2,8:0,30:34,24:3,0:22,41:35,36:39,39:12,11:5,0:33,30:15,19:10,2:13,14:19,29:41,23:7,14:3,3:10,6:5,0:24
20,39:17,3:11,12:21,22:25,24:18,1:6,22:21,39:17,11:1,8:32,8:20,49:27,5:24,0:0,47:26,0:7,19:21,0:9,39:36,0:9
20,12:6,30:31,10:9,21:22,20:12,19:21,20:27,33:2,6:20,14:21,30:26,22:35,28:25,8:8,23:29,12:11,14:7,3:1,34:30,0:16
20,31:6,1:9,8:1,22:17,4:19,17:22,39:18,9:15,11:31,25:13,9:18,20:21,15:6,32:40,13:6,3:12,6:7,21:16,14:21,0:2
20,6:2,34:7,1:15,2:16,17:7,29:16,17:5,2:39,9:2,38:1,3:13,7:25,30:9,1:2,13:27,13:18,21:32,23:29,37:10,0:28
20,21:5,9:0,2:14,19:10,22:21,27:26,10:2,14:45,49:37,6:16,3:0,12:17,30:0,12:23,15:2,0:15,21:28,34:30,1:8,0:8
20,48:44,10:3,39:28,17:26,2:15,6:3,2:0,29:10,10:0,14:3,4:0,0:41,7:13,20:1,6:6,0:2,15:24,1:8,4:0,0:7
20,14:2,15:4,18:24,28:1,3:42,14:12,42:24,0:5,11:29,31:33,11:8,25:13,3:8,21:25,28:3,6:24,30:43,20:8,38:25,0:25
20,6:5,46:47,26:8,18:24,9:14,35:26,17:21,1:7,30:22,20:32,25:24,11:11,41:40,38:3,7:40,11:6,4:0,13:15,27:4,0:36
20,33:23,2:11,10:7,37:8,16:28,22:28,2:14,11:10,21:13,26:25,17:25,24:11,9:1,6:17,4:18,6:6,4:2,23:6,10:28,0:2
21,0:0,1:0,15:0,10:17,8:3,23:32,7:12,36:18,8:1,14:20,8:24,12:4,23:13,13:33,26:4,14:4,15:28,24:28,32:47,0:1
21,9:6,27:20,14:14,0:6,40:6,2:11,11:9,18:44,37:15,20:47,10:1,1:4,1:3,0:0,31:34,4:3,45:14,1:14,18:14,0:24
21,29:14,23:6,1:11,20:1,1:4,5:12,1:8,1:11,15:2,23:33,11:20,13:10,23:34,8:1,40:4,7:1,1:10,0:17,9:4,0:28
21,2:0,24:19,41:35,12:17,12:12,24:21,11:20,21:8,1:7,39:4,2:23,26:5,5:9,2:33,24:21,1:9,33:29,11:16,37:8,0:32
21,19:11,27:4,3:12,7:26,15:1,24:11,13:12,19:8,0:18,18:26,30:12,2:15,17:37,8:2,42:25,2:10,28:27,25:36,18:3,0:21
21,19:16,32:35,11:6,33:14,12:23,6:8,39:10,9:44,12:17,23:8,2:11,4:7,25:21,23:24,10:3,27:39,23:1,12:16,3:21,0:1
21,3:1,10:6,32:6,1:17,13:18,0:4,16:12,3:7,1:4,7:5,42:12,1:12,24:19,17:36,15:13,29:42,20:0,25:39,26:10,0:22
21,40:32,30:22,0:15,19:5,1:0,19:9,1:9,10:13,5:14,31:2,14:22,2:28,48:6,4:10,5:0,7:16,8:0,1:38,24:13,0:15
21,40:35,24:10,7:9,29:4,0:10,16:25,9:29,17:13,37:5,1:14,16:13,15:32,22:27,27:4,8:27,15:16,33:35,30:17,6:13,0:14
21,44:16,5:4,20:37,5:7,21:15,14:2,12:29,10:18,32:26,19:16,21:6,12:0,1:17,26:6,7:3,2:22,14:33,25:14,24:1,0:42
22,13:9,22:18,26:11,20:4,0:22,30:6,8:21,7:13,7:3,19:44,38:29,16:20,3:3,4:10,7:7,14:0,11:14,5:9,25:23,30:33,19:4,18:29,20:28,22:1,12:14,0:21
22,21:1,28:28,21:24,27:1,5:35,5:7,26:27,29:4,6:29,24:13,22:44,27:26,43:18,15:29,4:1,4:5,32:38,5:2,33:20,6:20,11:17,35:7,10:5,1:35,41:19,0:26
22,38:1,2:38,29:27,5:6,27:8,6:14,6:3,29:0,4:24,18:13,13:1,8:30,29:5,3:7,10:19,14:40,29:1,7:30,3:7,25:27,15:16,36:4,1:34,21:18,19:7,0:17
22,45:42,32:25,34:10,12:4,1:23,18:4,3:14,23:29,24:21,26:29,9:7,28:46,49:15,15:35,13:27,49:23,5:13,17:28,1:6,37:25,20:3,2:14,13:23,14:0,24:0,0:48
22,34:14,25:24,18:26,8:5,0:7,22:18,19:4,18:40,1:6,24:10,15:23,40:16,7:30,41:26,14:10,12:3,8:35,5:9,38:33,7:0,2:0,2:13,30:32,7:3,27:28,0:9
22,47:32,22:7,14:10,5:22,10:24,23:5,16:6,19:5,1:30,32:14,9:12,16:41,11:13,30:13,4:18,1:2,1:5,43:22,4:0,14:12,20:7,4:22,9:6,18:41,43:23,0:24
22,5:1,2:4,37:35,33:25,9:14,21:23,8:10,17:13,28:4,8:35,2:1,42:23,18:2,10:31,30:47,24:25,27:16,11:23,31:30,44:29,12:19,9:15,2:2,19:21,33:25,0:9
22,7:2,32:29,38:1,1:28,4:16,25:29,24:12,10:3,0:8,28:23,31:16,3:1,14:49,15:10,7:1,34:19,5:30,43:38,39:1,6:3,2:17,1:17,20:26,14:14,36:23,0:23
22,1:1,3:1,27:16,11:21,12:12,47:35,24:38,16:16,28:11,32:36,33:6,6:35,31:38,4:2,15:4,30:5,2:39,42:35,28:39,48:40,38:11,6:29,17:31,27:6,19:9,0:31
22,40:33,36:25,32:50,30:11,21:32,18:22,2:4,0:1,17:7,32:42,17:3,11:12,19:1,18:41,30:20,6:6,19:9,17:38,16:0,23:33,27:34,38:17,7:13,5:10,31:10,0:38
23,4:3,12:8,19:22,0:2,4:4,14:6,4:7,16:13,22:27,21:6,0:18
23,34:17,25:0,4:12,16:29,21:34,40:11,8:17,3:3,22:10,0:23,0:17
23,49:10,4:25,5:16,29:27,19:4,23:0,0:35,2:2,31:25,28:33,0:13
23,43:19,14:0,4:14,14:4,2:36,19:4,22:30,34:34,34:21,22:22,0:24
23,8:0,25:26,33:31,16:5,27:25,25:5,1:33,10:18,37:20,27:45,0:1
23,23:20,13:3,19:3,0:7,27:36,30:23,19:30,39:47,13:5,10:4,0:15
23,23:5,19:3,2:14,23:35,17:16,0:5,36:20,3:9,16:2,14:8,0:36
23,6:1,45:17,9:7,9:42,1:1,38:29,35:4,7:41,20:8,19:9,0:30
23,42:22,22:40,27:0,13:41,35:25,34:10,10:8,1:1,8:4,7:33,0:15
23,2:2,9:4,15:2,6:12,18:3,15:42,13:9,12:3,36:10,4:7,0:36
24,0:0,7:1,7:9,27:20,12:5,15:17,30:43,29:19,21:2,14:20,13:28,0:11
24,47:4,3:29,5:11,21:7,18:39,33:26,7:4,29:21,5:14,29:18,18:33,0:9
24,41:40,29:17,34:36,24:32,11:2,3:0,0:9,5:8,1:0,38:9,7:35,0:5
24,40:40,14:3,17:10,24:19,1:19,34:13,2:10,29:19,4:13,27:4,7:40,0:9
24,41:7,16:1,1:49,28:26,37:14,13:6,10:14,15:6,11:44,0:3,8:0,0:10
24,10:3,6:10,34:18,9:17,33:39,41:8,4:18,0:22,4:1,21:4,27:29,0:20
24,5:4,16:4,18:30,47:47,36:1,14:6,1:7,0:36,38:35,1:1,38:4,0:39
24,15:2,12:19,17:21,39:13,17:26,25:44,0:0,7:4,28:21,1:4,16:8,0:15
24,13:1,9:1,5:14,14:25,20:2,19:33,34:36,21:23,6:4,25:6,24:28,0:17
24,13:6,31:24,29:39,43:8,11:10,1:13,21:30,15:29,11:12,18:13,33:42,0:0
25,13:0,14:20,40:9,4:0,3:10,14:49,24:15,18:21,27:25,30:3,14:36,34:28,2:15,27:21,1:3,21:7,12:21,1:3,2:12,0:3
25,3:1,7:3,40:8,1:21,13:16,17:6,2:26,26:20,11:7,23:8,21:15,7:24,31:9,1:18,27:1,0:44,15:1,5:9,33:11,0:35
25,20:14,43:39,29:30,10:5,1:7,12:20,10:4,26:24,24:30,17:5,34:38,17:10,14:23,22:5,8:16,11:4,9:1,8:36,31:27,0:8
25,10:8,3:4,46:40,36:29,11:4,13:8,7:1,11:7,7:14,15:23,17:29,3:5,28:2,0:22,30:17,13:29,5:13,29:0,21:45,0:5
25,30:4,7:6,17:29,25:6,13:15,9:25,32:3,0:8,11:2,3:13,12:38,11:1,4:20,9:2,1:11,25:18,13:8,0:7,22:17,0:11
25,2:2,48:12,7:36,40:39,13:7,8:15,31:10,13:30,17:0,3:24,37:42,11:0,21:33,10:11,27:14,37:20,4:26,20:6,17:35,0:4
25,30:26,21:6,28:1,3:27,22:10,5:35,17:7,14:28,25:3,26:0,0:20,9:18,8:27,39:22,28:9,8:25,30:15,10:12,12:7,0:37
25,11:3,39:12,15:30,2:17,43:31,11:21,40:21,4:17,13:16,11:6,29:13,18:27,22:9,1:31,16:10,30:30,19:13,12:15,10:17,0:7
25,6:0,4:5,7:5,31:35,41:34,19:11,21:38,44:43,6:7,19:7,5:11,7:14,44:3,9:22,4:1,1:3,9:13,1:20,37:14,0:29
25,44:30,15:26,42:23,18:13,23:8,6:6,4:17,6:13,0:8,23:20,12:13,12:19,30:5,6:25,32:8,7:25,21:35,22:11,27:6,0:39
26,37:11,9:19,4:0,15:6,13:1,1:25,30:11,4:26,34:33,0:6,19:6,15:23,18:14,16:26,9:4,27:7,6:38,44:30,13:27,18:12,3:5,45:43,36:12,0:31
26,47:27,17:10,23:42,2:10,4:0,20:15,37:16,17:1,3:35,36:5,5:18,18:16,9:10,8:11,20:42,5:8,15:6,7:0,12:15,29:26,9:3,15:21,4:13,0:12
26,3:3,18:4,18:3,1:6,24:22,0:9,9:1,10:11,0:3,1:10,7:11,38:13,4:36,1:0,16:17,4:1,43:13,0:26,0:8,41:1,4:31,5:13,8:9,0:4
26,8:1,37:31,14:15,31:14,13:42,21:13,3:8,4:5,24:0,12:28,13:16,9:2,36:0,0:23,14:11,14:23,14:10,3:3,11:19,12:24,23:19,3:0,19:25,0:6
26,35:21,11:25,48:30,8:23,28:9,14:13,27:41,31:2,9:21,6:15,8:18,41:35,2:15,2:1,47:7,5:16,4:28,37:3,4:12,4:12,21:29,15:11,7:14,0:13
26,19:2,9:8,7:13,10:20,8:8,14:2,23:13,24:36,10:18,40:36,18:3,8:11,9:1,3:4,4:3,13:13,22:42,29:11,3:26,35:4,6:11,5:2,1:23,0:10
26,42:12,9:0,7:1,5:47,2:3,31:4,10:1,12:38,24:13,6:6,3:5,22:21,23:25,26:1,4:23,14:14,19:5,0:28,5:2,8:4,20:33,12:9,28:26,0:11
26,40:19,25:41,43:27,26:16,12:40,17:11,34:29,11:12,11:8,10:2,9:16,32:39,2:10,31:28,36:16,16:20,16:37,46:3,0:6,6:12,13:20,19:9,8:22,0:20
26,50:38,19:17,27:18,3:14,21:21,16:2,11:4,10:11,17:38,17:5,6:1,19:47,20:6,5:8,14:24,9:8,44:12,14:40,31:1,8:0,4:30,13:3,19:47,0:2
26,39:12,2:3,1:25,44:7,11:16,8:2,6:21,5:14,21:34,11:10,29:11,18:19,19:4,14:37,20:14,12:7,22:45,39:6,9:1,1:41,39:33,32:36,6:10,0:0
27,1:0,11:6,18:16,11:8,2:13,19:5,27:15,1:17,31:16,19:6,0:22,12:14,29:25,22:9,9:13,12:37,5:2,4:2,36:3,0:40
27,32:28,29:27,3:3,31:26,30:9,13:26,22:30,27:20,15:33,30:27,44:5,3:9,5:30,5:13,39:22,16:11,20:36,19:25,0:2,0:1
27,1:1,37:10,9:5,12:3,0:4,0:35,7:0,10:12,17:17,21:12,12:24,47:43,12:15,4:2,8:9,35:11,16:26,11:12,29:32,0:15
27,32:24,29:15,14:17,13:15,7:0,4:16,31:25,29:38,22:24,43:11,6:41,19:13,17:25,23:23,35:10,2:19,14:22,3:5,8:1,0:7
27,5:5,6:3,7:9,18:16,42:30,18:14,12:7,5:5,23:14,5:29,34:7,11:41,38:31,1:14,21:11,16:2,6:28,24:4,10:22,0:10
27,23:23,9:2,43:15,7:3,6:1,6:40,32:32,20:20,25:35,34:2,17:24,2:16,24:18,4:4,21:18,27:35,14:6,16:5,15:1,0:45
27,28:6,26:42,5:2,32:34,5:9,27:17,29:13,17:17,18:32,26:35,40:25,6:0,14:7,14:22,18:44,27:25,37:19,18:27,6:16,0:1
27,1:1,1:1,46:23,24:45,28:5,15:25,9:5,10:0,12:13,1:11,25:0,1:38,30:15,18:26,29:35,38:35,16:14,31:34,30:15,0:24
27,47:27,4:16,30:21,18:27,28:2,15:33,12:6,4:7,4:2,25:43,39:21,23:4,6:10,12:30,5:15,36:32,13:11,9:20,29:23,0:9
27,38:23,10:0,3:25,12:10,42:40,42:18,15:11,11:5,6:12,13:38,2:6,36:35,23:13,17:5,21:14,10:25,15:8,11:5,3:12,0:25
28,45:22,3:20,37:34,2:5,41:26,19:25,30:35,3:10,13:16,24:4,29:42,3:2,31:29,16:25,5:3,14:5,19:7,23:30,5:22,28:2,17:30,14:26,27:24,18:22,49:20,19:24,4:27,20:20,17:10,0:8
28,28:22,38:9,8:12,5:25,25:20,9:20,19:18,31:34,40:10,16:18,8:12,18:12,17:28,11:12,27:18,8:0,11:34,11:15,19:16,7:14,8:12,47:1,0:16,11:34,30:16,19:24,31:24,13:29,5:13,0:2
28,0:0,0:0,44:38,19:11,10:8,30:23,2:10,14:15,7:18,4:3,0:3,34:16,3:12,24:13,4:11,12:19,24:16,23:30,1:8,46:28,21:16,26:41,25:18,16:2,2:15,0:8,30:36,43:14,6:29,0:9
28,24:16,16:18,36:5,7:5,2:31,1:3,12:8,7:13,19:16,5:13,24:21,4:2,31:17,6:16,31:14,0:7,27:1,4:31,13:12,6:7,13:27,36:12,1:10,10:20,24:30,30:5,11:11,13:12,16:39,0:7
28,36:0,2:11,12:39,18:1,5:22,1:0,27:0,6:17,2:8,21:4,19:36,23:33,37:13,13:24,12:6,26:43,23:5,15:17,18:6,12:31,11:12,6:12,32:15,22:31,12:24,17:5,16:1,5:25,3:5,0:6
28,34:18,15:18,0:10,39:31,16:26,33:13,25:40,33:17,10:16,31:32,33:31,30:4,6:7,0:20,23:21,0:15,12:1,12:29,46:4,0:25,4:3,29:32,16:0,11:10,0:24,22:1,14:12,5:20,17:25,0:11
28,0:0,2:0,12:5,9:4,1:1,6:14,9:1,29:18,12:6,8:3,8:18,10:13,0:13,37:28,9:2,11:17,2:9,13:9,20:0,12:4,1:4,1:16,16:9,2:27,0:2,32:33,24:5,2:23,7:11,0:0
28,47:23,12:35,38:20,30:26,2:24,32:9,11:6,8:28,4:12,7:3,18:23,37:10,2:10,8:1,7:12,24:41,11:10,33:13,23:10,1:17,22:1,7:10,2:33,29:19,8:18,38:9,9:42,23:11,5:15,0:7
28,45:32,4:17,1:0,33:12,3:12,33:5,0:12,1:14,22:35,40:3,5:33,17:2,15:35,6:9,23:10,13:23,43:2,2:48,3:3,18:17,23:8,19:36,16:11,2:8,3:1,40:11,18:45,32:7,10:24,0:15
28,43:42,18:5,9:1,27:6,4:27,0:5,7:4,32:30,15:18,3:2,3:4,26:8,1:2,15:37,12:13,29:37,43:16,17:34,14:25,44:39,42:6,0:8,15:29,29:1,0:39,13:10,11:16,19:15,14:11,0:15
29,33:26,0:3,38:10,10:17,7:22,22:27,45:4,4:2,2:47,18:11,28:37,37:2,12:15,5:4,14:8,2:32,4:1,7:13,0:7
29,47:0,0:19,11:21,4:2,25:30,12:15,4:15,30:3,13:30,4:14,33:5,2:12,27:8,6:33,25:30,38:10,5:32,8:1,0:14
29,26:10,2:10,26:26,16:13,21:26,24:14,2:5,28:16,18:34,23:6,8:30,4:2,43:25,6:12,8:14,34:24,28:18,12:41,0:3
29,24:4,25:2,6:38,8:15,37:8,3:32,10:5,37:40,18:5,20:14,2:7,5:6,9:11,27:8,3:3,14:9,8:11,10:13,0:35
29,30:8,15:4,7:38,41:6,5:22,25:41,18:3,30:46,14:11,18:7,32:18,12:11,3:14,25:3,1:14,18:18,9:39,32:12,0:20
29,24:15,7:16,2:0,28:3,11:12,2:14,27:33,14:3,30:43,30:2,0:3,4:35,15:2,5:1,20:34,8:11,2:2,46:5,0:41
29,19:17,41:32,16:18,0:5,4:3,26:24,8:12,40:39,23:26,32:33,46:16,19:47,40:2,2:9,17:17,10:40,20:23,1:1,0:0
29,44:36,7:4,8:12,34:30,36:12,9:6,4:18,16:29,15:17,5:10,37:2,0:31,40:9,9:32,17:20,33:25,12:1,7:14,0:25
29,9:4,40:43,9:11,50:23,12:21,32:40,30:14,17:41,45:28,28:6,7:31,30:41,30:16,3:16,23:8,14:2,11:1,0:7,0:37
29,25:19,29:1,6:0,1:28,36:30,20:28,7:13,21:3,1:1,6:20,3:3,0:5,11:8,12:12,32:6,1:4,17:24,19:15,0:27
